2014-06-06 08:19:49,19
2014-06-06 08:23:21,53
2014-06-06 08:34:56,33
2014-06-06 08:48:07,47
2014-06-06 08:53:47,89
2014-06-06 09:01:56,53
2014-06-06 09:11:21,84
2014-06-06 09:24:43,54
2014-06-06 09:38:43,56
2014-06-06 09:43:04,70
2014-06-06 09:58:50,65
2014-06-06 10:03:03,104
2014-06-06 10:19:47,75
2014-06-06 10:21:35,95
2014-06-06 10:32:09,50
2014-06-06 10:44:53,39
2014-06-06 10:52:22,70
2014-06-06 11:09:05,61
2014-06-06 11:19:50,54
2014-06-06 11:22:47,63
2014-06-06 11:37:06,103
2014-06-06 11:46:05,58
2014-06-06 11:52:43,43
2014-06-06 12:04:41,71
2014-06-06 12:10:51,85
2014-06-06 12:27:36,43
2014-06-06 12:37:31,93
2014-06-06 12:42:43,24
2014-06-06 12:59:47,39
2014-06-06 13:00:23,98
2014-06-06 13:14:46,54
2014-06-06 13:22:50,41
2014-06-06 13:30:38,54
2014-06-06 13:46:59,62
2014-06-06 13:55:20,81
2014-06-06 14:09:27,42
2014-06-06 14:14:02,76
2014-06-06 14:22:01,55
2014-06-06 14:39:37,34
2014-06-06 14:47:08,49
2014-06-06 14:50:51,48
2014-06-06 15:04:10,54
2014-06-06 15:12:10,60
2014-06-06 15:29:52,41
2014-06-06 15:39:12,36
2014-06-06 15:40:09,60
2014-06-06 15:50:28,43
2014-06-06 16:06:14,64
2014-06-06 16:15:20,41
2014-06-06 16:23:14,66
2014-06-06 16:38:59,65
2014-06-06 16:46:06,49
2014-06-06 16:50:41,62
2014-06-06 17:08:50,46
2014-06-06 17:10:15,54
2014-06-06 17:20:26,81
2014-06-06 17:31:38,76
2014-06-06 17:46:31,72
2014-06-06 17:52:03,61
2014-06-06 18:02:42,63
2014-06-06 18:11:22,46
2014-06-06 18:23:28,58
2014-06-06 18:36:18,75
2014-06-06 18:46:08,29
2014-06-06 18:51:02,31
2014-06-06 19:03:48,51
2014-06-06 19:18:26,46
2014-06-06 19:21:24,29
2014-06-06 19:31:28,66
2014-06-06 19:48:09,16
2014-06-06 19:59:37,40
2014-06-06 20:04:03,55
2014-06-06 20:11:23,4
2014-06-07 08:12:03,37
2014-06-07 08:23:36,23
2014-06-07 08:35:20,75
2014-06-07 08:48:42,62
2014-06-07 08:52:36,99
2014-06-07 09:06:31,123
2014-06-07 09:19:38,90
2014-06-07 09:28:05,130
2014-06-07 09:33:39,84
2014-06-07 09:46:08,122
2014-06-07 09:58:05,139
2014-06-07 10:07:38,120
2014-06-07 10:16:57,71
2014-06-07 10:24:38,87
2014-06-07 10:33:43,125
2014-06-07 10:44:04,97
2014-06-07 10:50:13,38
2014-06-07 11:02:59,162
2014-06-07 11:12:22,60
2014-06-07 11:26:46,77
2014-06-07 11:36:32,112
2014-06-07 11:48:09,63
2014-06-07 11:51:40,63
2014-06-07 12:02:35,68
2014-06-07 12:17:22,48
2014-06-07 12:29:26,105
2014-06-07 12:31:58,118
2014-06-07 12:44:40,80
2014-06-07 12:52:36,106
2014-06-07 13:01:26,96
2014-06-07 13:13:15,103
2014-06-07 13:29:16,101
2014-06-07 13:30:14,89
2014-06-07 13:49:00,98
2014-06-07 13:50:25,96
2014-06-07 14:06:23,66
2014-06-07 14:11:08,107
2014-06-07 14:26:20,79
2014-06-07 14:39:28,126
2014-06-07 14:48:44,87
2014-06-07 14:50:02,64
2014-06-07 15:07:28,53
2014-06-07 15:14:27,93
2014-06-07 15:22:59,46
2014-06-07 15:39:03,79
2014-06-07 15:46:32,35
2014-06-07 15:54:03,72
2014-06-07 16:00:15,176
2014-06-07 16:14:04,80
2014-06-07 16:21:20,68
2014-06-07 16:35:01,78
2014-06-07 16:40:49,50
2014-06-07 16:58:03,88
2014-06-07 17:08:40,88
2014-06-07 17:13:09,76
2014-06-07 17:27:08,70
2014-06-07 17:39:39,71
2014-06-07 17:41:53,93
2014-06-07 17:57:08,94
2014-06-07 18:00:57,37
2014-06-07 18:13:40,64
2014-06-07 18:20:16,165
2014-06-07 18:30:10,52
2014-06-07 18:45:32,39
2014-06-07 18:59:44,46
2014-06-07 19:04:30,65
2014-06-07 19:16:50,58
2014-06-07 19:22:45,51
2014-06-07 19:30:52,47
2014-06-07 19:48:08,69
2014-06-07 19:54:30,33
2014-06-07 20:06:06,37
2014-06-07 20:17:19,33
2014-06-07 20:26:25,12
2014-06-07 20:37:10,49
2014-06-07 20:48:16,41
2014-06-07 20:52:15,42
2014-06-07 21:00:47,15
2014-06-07 21:19:45,37
2014-06-07 21:22:53,29
2014-06-07 21:38:52,25
2014-06-07 21:40:09,21
2014-06-07 21:58:50,2
2014-06-07 22:07:00,28
2014-06-07 22:12:45,5
2014-06-07 22:28:14,12
2014-06-07 22:38:09,5
2014-06-07 22:47:58,3
2014-06-08 08:07:20,9
2014-06-08 08:19:30,55
2014-06-08 08:28:42,66
2014-06-08 08:39:57,86
2014-06-08 08:41:35,121
2014-06-08 08:56:41,124
2014-06-08 09:05:01,171
2014-06-08 09:11:46,137
2014-06-08 09:26:22,130
2014-06-08 09:34:24,133
2014-06-08 09:46:10,94
2014-06-08 09:52:48,105
2014-06-08 10:06:24,146
2014-06-08 10:12:15,98
2014-06-08 10:25:28,73
2014-06-08 10:30:21,80
2014-06-08 10:46:47,95
2014-06-08 10:58:12,105
2014-06-08 11:06:15,149
2014-06-08 11:11:37,118
2014-06-08 11:29:02,190
2014-06-08 11:37:10,94
2014-06-08 11:47:27,126
2014-06-08 11:58:21,89
2014-06-08 12:08:53,138
2014-06-08 12:17:45,139
2014-06-08 12:22:38,144
2014-06-08 12:30:23,143
2014-06-08 12:47:02,84
2014-06-08 12:54:46,160
2014-06-08 13:00:17,108
2014-06-08 13:11:29,129
2014-06-08 13:21:50,126
2014-06-08 13:38:49,105
2014-06-08 13:41:19,142
2014-06-08 13:57:54,167
2014-06-08 14:07:42,100
2014-06-08 14:12:27,78
2014-06-08 14:28:32,130
2014-06-08 14:39:36,88
2014-06-08 14:48:53,99
2014-06-08 14:56:28,118
2014-06-08 15:06:11,88
2014-06-08 15:10:45,96
2014-06-08 15:25:36,81
2014-06-08 15:30:38,103
2014-06-08 15:43:08,75
2014-06-08 15:59:29,103
2014-06-08 16:08:22,135
2014-06-08 16:16:50,72
2014-06-08 16:23:31,143
2014-06-08 16:31:21,98
2014-06-08 16:48:14,75
2014-06-08 16:59:37,69
2014-06-08 17:06:32,124
2014-06-08 17:15:55,66
2014-06-08 17:24:38,100
2014-06-08 17:36:08,95
2014-06-08 17:48:03,76
2014-06-08 17:50:16,107
2014-06-08 18:09:20,69
2014-06-08 18:17:29,96
2014-06-08 18:20:57,58
2014-06-08 18:37:17,37
2014-06-08 18:43:44,72
2014-06-08 18:59:09,65
2014-06-08 19:05:43,62
2014-06-08 19:14:31,92
2014-06-08 19:20:08,84
2014-06-08 19:33:28,40
2014-06-08 19:47:43,88
2014-06-08 19:52:46,36
2014-06-08 20:08:32,82
2014-06-08 20:14:43,37
2014-06-08 20:28:16,64
2014-06-08 20:32:45,71
2014-06-08 20:47:44,74
2014-06-08 20:58:40,24
2014-06-08 21:08:03,46
2014-06-08 21:18:12,64
2014-06-08 21:23:14,23
2014-06-08 21:39:23,14
2014-06-08 21:48:58,17
2014-06-08 21:55:15,16
2014-06-08 22:00:05,34
2014-06-08 22:19:19,1
2014-06-08 22:20:48,11
2014-06-08 22:37:19,36
